"スキル名","元frontmatter"
"agent-eval","name: agent-eval
description: Head-to-head comparison of coding agents (Claude Code, Aider, Codex, etc.) on custom tasks with pass rate, cost, time, and consistency metrics
origin: ECC
tools: Read, Write, Edit, Bash, Grep, Glob"
"agent-harness-construction","name: agent-harness-construction
description: Design and optimize AI agent action spaces, tool definitions, and observation formatting for higher completion rates.
origin: ECC"
"agent-introspection-debugging","name: agent-introspection-debugging
description: Structured self-debugging workflow for AI agent failures using capture, diagnosis, contained recovery, and introspection reports.
origin: ECC"
"agent-payment-x402","name: agent-payment-x402
description: Add x402 payment execution to AI agents — per-task budgets, spending controls, and non-custodial wallets via MCP tools. Use when agents need to pay for APIs, services, or other agents.
origin: community"
"agent-sort","name: agent-sort
description: Build an evidence-backed ECC install plan for a specific repo by sorting skills, commands, rules, hooks, and extras into DAILY vs LIBRARY buckets using parallel repo-aware review passes. Use when ECC should be trimmed to what a project actually needs instead of loading the full bundle.
origin: ECC"
"agentic-engineering","name: agentic-engineering
description: Operate as an agentic engineer using eval-first execution, decomposition, and cost-aware model routing.
origin: ECC"
"ai-first-engineering","name: ai-first-engineering
description: Engineering operating model for teams where AI agents generate a large share of implementation output.
origin: ECC"
"ai-regression-testing","name: ai-regression-testing
description: Regression testing strategies for AI-assisted development. Sandbox-mode API testing without database dependencies, automated bug-check workflows, and patterns to catch AI blind spots where the same model writes and reviews code.
origin: ECC"
"android-clean-architecture","name: android-clean-architecture
description: Clean Architecture patterns for Android and Kotlin Multiplatform projects — module structure, dependency rules, UseCases, Repositories, and data layer patterns.
origin: ECC"
"api-connector-builder","name: api-connector-builder
description: Build a new API connector or provider by matching the target repo's existing integration pattern exactly. Use when adding one more integration without inventing a second architecture.
origin: ECC direct-port adaptation
version: ""1.0.0"""
"api-design","name: api-design
description: REST API design patterns including resource naming, status codes, pagination, filtering, error responses, versioning, and rate limiting for production APIs.
origin: ECC"
"architecture-decision-records","name: architecture-decision-records
description: Capture architectural decisions made during Claude Code sessions as structured ADRs. Auto-detects decision moments, records context, alternatives considered, and rationale. Maintains an ADR log so future developers understand why the codebase is shaped the way it is.
origin: ECC"
"article-writing","name: article-writing
description: Write articles, guides, blog posts, tutorials, newsletter issues, and other long-form content in a distinctive voice derived from supplied examples or brand guidance. Use when the user wants polished written content longer than a paragraph, especially when voice consistency, structure, and credibility matter.
origin: ECC"
"automation-audit-ops","name: automation-audit-ops
description: Evidence-first automation inventory and overlap audit workflow for ECC. Use when the user wants to know which jobs, hooks, connectors, MCP servers, or wrappers are live, broken, redundant, or missing before fixing anything.
origin: ECC"
"autonomous-agent-harness","name: autonomous-agent-harness
description: Transform Claude Code into a fully autonomous agent system with persistent memory, scheduled operations, computer use, and task queuing. Replaces standalone agent frameworks (Hermes, AutoGPT) by leveraging Claude Code's native crons, dispatch, MCP tools, and memory. Use when the user wants continuous autonomous operation, scheduled tasks, or a self-directing agent loop.
origin: ECC"
"autonomous-loops","name: autonomous-loops
description: ""Patterns and architectures for autonomous Claude Code loops — from simple sequential pipelines to RFC-driven multi-agent DAG systems.""
origin: ECC"
"backend-patterns","name: backend-patterns
description: Backend architecture patterns, API design, database optimization, and server-side best practices for Node.js, Express, and Next.js API routes.
origin: ECC"
"benchmark","name: benchmark
description: Use this skill to measure performance baselines, detect regressions before/after PRs, and compare stack alternatives.
origin: ECC"
"blueprint","name: blueprint
description: >-
  Turn a one-line objective into a step-by-step construction plan for
  multi-session, multi-agent engineering projects. Each step has a
  self-contained context brief so a fresh agent can execute it cold.
  Includes adversarial review gate, dependency graph, parallel step
  detection, anti-pattern catalog, and plan mutation protocol.
  TRIGGER when: user requests a plan, blueprint, or roadmap for a
  complex multi-PR task, or describes work that needs multiple sessions.
  DO NOT TRIGGER when: task is completable in a single PR or fewer
  than 3 tool calls, or user says ""just do it"".
origin: community"
"brand-voice","name: brand-voice
description: Build a source-derived writing style profile from real posts, essays, launch notes, docs, or site copy, then reuse that profile across content, outreach, and social workflows. Use when the user wants voice consistency without generic AI writing tropes.
origin: ECC"
"browser-qa","name: browser-qa
description: Use this skill to automate visual testing and UI interaction verification using browser automation after deploying features.
origin: ECC"
"bun-runtime","name: bun-runtime
description: Bun as runtime, package manager, bundler, and test runner. When to choose Bun vs Node, migration notes, and Vercel support.
origin: ECC"
"canary-watch","name: canary-watch
description: Use this skill to monitor a deployed URL for regressions after deploys, merges, or dependency upgrades.
origin: ECC"
"carrier-relationship-management","name: carrier-relationship-management
description: >
  Codified expertise for managing carrier portfolios, negotiating freight rates,
  tracking carrier performance, allocating freight, and maintaining strategic
  carrier relationships. Informed by transportation managers with 15+ years
  experience. Includes scorecarding frameworks, RFP processes, market intelligence,
  and compliance vetting. Use when managing carriers, negotiating rates, evaluating
  carrier performance, or building freight strategies.
license: Apache-2.0
version: 1.0.0
homepage: https://github.com/affaan-m/everything-claude-code
origin: ECC
metadata:
  author: evos
  clawdbot:
    emoji: """""
"ck","name: ck
description: Persistent per-project memory for Claude Code. Auto-loads project context on session start, tracks sessions with git activity, and writes to native memory. Commands run deterministic Node.js scripts — behavior is consistent across model versions.
origin: community
version: 2.0.0
author: sreedhargs89
repo: https://github.com/sreedhargs89/context-keeper"
"claude-api","name: claude-api
description: Anthropic Claude API patterns for Python and TypeScript. Covers Messages API, streaming, tool use, vision, extended thinking, batches, prompt caching, and Claude Agent SDK. Use when building applications with the Claude API or Anthropic SDKs.
origin: ECC"
"claude-devfleet","name: claude-devfleet
description: Orchestrate multi-agent coding tasks via Claude DevFleet — plan projects, dispatch parallel agents in isolated worktrees, monitor progress, and read structured reports.
origin: community"
"click-path-audit","name: click-path-audit
description: ""Trace every user-facing button/touchpoint through its full state change sequence to find bugs where functions individually work but cancel each other out, produce wrong final state, or leave the UI in an inconsistent state. Use when: systematic debugging found no bugs but users report broken buttons, or after any major refactor touching shared state stores.""
origin: community"
"clickhouse-io","name: clickhouse-io
description: ClickHouse database patterns, query optimization, analytics, and data engineering best practices for high-performance analytical workloads.
origin: ECC"
"code-tour","name: code-tour
description: Create CodeTour `.tour` files — persona-targeted, step-by-step walkthroughs with real file and line anchors. Use for onboarding tours, architecture walkthroughs, PR tours, RCA tours, and structured ""explain how this works"" requests.
origin: ECC"
"codebase-onboarding","name: codebase-onboarding
description: Analyze an unfamiliar codebase and generate a structured onboarding guide with architecture map, key entry points, conventions, and a starter CLAUDE.md. Use when joining a new project or setting up Claude Code for the first time in a repo.
origin: ECC"
"coding-standards","name: coding-standards
description: Baseline cross-project coding conventions for naming, readability, immutability, and code-quality review. Use detailed frontend or backend skills for framework-specific patterns.
origin: ECC"
"compose-multiplatform-patterns","name: compose-multiplatform-patterns
description: Compose Multiplatform and Jetpack Compose patterns for KMP projects — state management, navigation, theming, performance, and platform-specific UI.
origin: ECC"
"configure-ecc","name: configure-ecc
description: Interactive installer for Everything Claude Code — guides users through selecting and installing skills and rules to user-level or project-level directories, verifies paths, and optionally optimizes installed files.
origin: ECC"
"connections-optimizer","name: connections-optimizer
description: Reorganize the user's X and LinkedIn network with review-first pruning, add/follow recommendations, and channel-specific warm outreach drafted in the user's real voice. Use when the user wants to clean up following lists, grow toward current priorities, or rebalance a social graph around higher-signal relationships.
origin: ECC"
"content-engine","name: content-engine
description: Create platform-native content systems for X, LinkedIn, TikTok, YouTube, newsletters, and repurposed multi-platform campaigns. Use when the user wants social posts, threads, scripts, content calendars, or one source asset adapted cleanly across platforms.
origin: ECC"
"content-hash-cache-pattern","name: content-hash-cache-pattern
description: Cache expensive file processing results using SHA-256 content hashes — path-independent, auto-invalidating, with service layer separation.
origin: ECC"
"context-budget","name: context-budget
description: Audits Claude Code context window consumption across agents, skills, MCP servers, and rules. Identifies bloat, redundant components, and produces prioritized token-savings recommendations.
origin: ECC"
"continuous-agent-loop","name: continuous-agent-loop
description: Patterns for continuous autonomous agent loops with quality gates, evals, and recovery controls.
origin: ECC"
"continuous-learning","name: continuous-learning
description: Automatically extract reusable patterns from Claude Code sessions and save them as learned skills for future use.
origin: ECC"
"continuous-learning-v2","name: continuous-learning-v2
description: Instinct-based learning system that observes sessions via hooks, creates atomic instincts with confidence scoring, and evolves them into skills/commands/agents. v2.1 adds project-scoped instincts to prevent cross-project contamination.
origin: ECC
version: 2.1.0"
"cost-aware-llm-pipeline","name: cost-aware-llm-pipeline
description: Cost optimization patterns for LLM API usage — model routing by task complexity, budget tracking, retry logic, and prompt caching.
origin: ECC"
"council","name: council
description: Convene a four-voice council for ambiguous decisions, tradeoffs, and go/no-go calls. Use when multiple valid paths exist and you need structured disagreement before choosing.
origin: ECC"
"cpp-coding-standards","name: cpp-coding-standards
description: C++ coding standards based on the C++ Core Guidelines (isocpp.github.io). Use when writing, reviewing, or refactoring C++ code to enforce modern, safe, and idiomatic practices.
origin: ECC"
"cpp-testing","name: cpp-testing
description: Use only when writing/updating/fixing C++ tests, configuring GoogleTest/CTest, diagnosing failing or flaky tests, or adding coverage/sanitizers.
origin: ECC"
"crosspost","name: crosspost
description: Multi-platform content distribution across X, LinkedIn, Threads, and Bluesky. Adapts content per platform using content-engine patterns. Never posts identical content cross-platform. Use when the user wants to distribute content across social platforms.
origin: ECC"
"csharp-testing","name: csharp-testing
description: C# and .NET testing patterns with xUnit, FluentAssertions, mocking, integration tests, and test organization best practices.
origin: ECC"
"customer-billing-ops","name: customer-billing-ops
description: Operate customer billing workflows such as subscriptions, refunds, churn triage, billing-portal recovery, and plan analysis using connected billing tools like Stripe. Use when the user needs to help a customer, inspect subscription state, or manage revenue-impacting billing operations.
origin: ECC"
"customs-trade-compliance","name: customs-trade-compliance
description: >
  Codified expertise for customs documentation, tariff classification, duty
  optimization, restricted party screening, and regulatory compliance across
  multiple jurisdictions. Informed by trade compliance specialists with 15+
  years experience. Includes HS classification logic, Incoterms application,
  FTA utilization, and penalty mitigation. Use when handling customs clearance,
  tariff classification, trade compliance, import/export documentation, or
  duty optimization.
license: Apache-2.0
version: 1.0.0
homepage: https://github.com/affaan-m/everything-claude-code
origin: ECC
metadata:
  author: evos
  clawdbot:
    emoji: """""
"dart-flutter-patterns","name: dart-flutter-patterns
description: Production-ready Dart and Flutter patterns covering null safety, immutable state, async composition, widget architecture, popular state management frameworks (BLoC, Riverpod, Provider), GoRouter navigation, Dio networking, Freezed code generation, and clean architecture.
origin: ECC"
"dashboard-builder","name: dashboard-builder
description: Build monitoring dashboards that answer real operator questions for Grafana, SigNoz, and similar platforms. Use when turning metrics into a working dashboard instead of a vanity board.
origin: ECC direct-port adaptation
version: ""1.0.0"""
"data-scraper-agent","name: data-scraper-agent
description: Build a fully automated AI-powered data collection agent for any public source — job boards, prices, news, GitHub, sports, anything. Scrapes on a schedule, enriches data with a free LLM (Gemini Flash), stores results in Notion/Sheets/Supabase, and learns from user feedback. Runs 100% free on GitHub Actions. Use when the user wants to monitor, collect, or track any public data automatically.
origin: community"
"database-migrations","name: database-migrations
description: Database migration best practices for schema changes, data migrations, rollbacks, and zero-downtime deployments across PostgreSQL, MySQL, and common ORMs (Prisma, Drizzle, Kysely, Django, TypeORM, golang-migrate).
origin: ECC"
"deep-research","name: deep-research
description: Multi-source deep research using firecrawl and exa MCPs. Searches the web, synthesizes findings, and delivers cited reports with source attribution. Use when the user wants thorough research on any topic with evidence and citations.
origin: ECC"
"defi-amm-security","name: defi-amm-security
description: Security checklist for Solidity AMM contracts, liquidity pools, and swap flows. Covers reentrancy, CEI ordering, donation or inflation attacks, oracle manipulation, slippage, admin controls, and integer math.
origin: ECC direct-port adaptation
version: ""1.0.0"""
"deployment-patterns","name: deployment-patterns
description: Deployment workflows, CI/CD pipeline patterns, Docker containerization, health checks, rollback strategies, and production readiness checklists for web applications.
origin: ECC"
"design-system","name: design-system
description: Use this skill to generate or audit design systems, check visual consistency, and review PRs that touch styling.
origin: ECC"
"django-patterns","name: django-patterns
description: Django architecture patterns, REST API design with DRF, ORM best practices, caching, signals, middleware, and production-grade Django apps.
origin: ECC"
"django-security","name: django-security
description: Django security best practices, authentication, authorization, CSRF protection, SQL injection prevention, XSS prevention, and secure deployment configurations.
origin: ECC"
"django-tdd","name: django-tdd
description: Django testing strategies with pytest-django, TDD methodology, factory_boy, mocking, coverage, and testing Django REST Framework APIs.
origin: ECC"
"django-verification","name: django-verification
description: ""Verification loop for Django projects: migrations, linting, tests with coverage, security scans, and deployment readiness checks before release or PR.""
origin: ECC"
"dmux-workflows","name: dmux-workflows
description: Multi-agent orchestration using dmux (tmux pane manager for AI agents). Patterns for parallel agent workflows across Claude Code, Codex, OpenCode, and other harnesses. Use when running multiple agent sessions in parallel or coordinating multi-agent development workflows.
origin: ECC"
"docker-patterns","name: docker-patterns
description: Docker and Docker Compose patterns for local development, container security, networking, volume strategies, and multi-service orchestration.
origin: ECC"
"docs-state-sync","name: docs-state-sync
description: [TODO: Complete and informative explanation of what the skill does and when to use it. Include WHEN to use this skill - specific scenarios, file types, or tasks that trigger it.]"
"documentation-lookup","name: documentation-lookup
description: Use up-to-date library and framework docs via Context7 MCP instead of training data. Activates for setup questions, API references, code examples, or when the user names a framework (e.g. React, Next.js, Prisma).
origin: ECC"
"dotnet-patterns","name: dotnet-patterns
description: Idiomatic C# and .NET patterns, conventions, dependency injection, async/await, and best practices for building robust, maintainable .NET applications.
origin: ECC"
"e2e-testing","name: e2e-testing
description: Playwright E2E testing patterns, Page Object Model, configuration, CI/CD integration, artifact management, and flaky test strategies.
origin: ECC"
"ecc-tools-cost-audit","name: ecc-tools-cost-audit
description: Evidence-first ECC Tools burn and billing audit workflow. Use when investigating runaway PR creation, quota bypass, premium-model leakage, duplicate jobs, or GitHub App cost spikes in the ECC Tools repo.
origin: ECC"
"email-ops","name: email-ops
description: Evidence-first mailbox triage, drafting, send verification, and sent-mail-safe follow-up workflow for ECC. Use when the user wants to organize email, draft or send through the real mail surface, or prove what landed in Sent.
origin: ECC"
"energy-procurement","name: energy-procurement
description: >
  Codified expertise for electricity and gas procurement, tariff optimization,
  demand charge management, renewable PPA evaluation, and multi-facility energy
  cost management. Informed by energy procurement managers with 15+ years
  experience at large commercial and industrial consumers. Includes market
  structure analysis, hedging strategies, load profiling, and sustainability
  reporting frameworks. Use when procuring energy, optimizing tariffs, managing
  demand charges, evaluating PPAs, or developing energy strategies.
license: Apache-2.0
version: 1.0.0
homepage: https://github.com/affaan-m/everything-claude-code
origin: ECC
metadata:
  author: evos
  clawdbot:
    emoji: """""
"enterprise-agent-ops","name: enterprise-agent-ops
description: Operate long-lived agent workloads with observability, security boundaries, and lifecycle management.
origin: ECC"
"eval-harness","name: eval-harness
description: Formal evaluation framework for Claude Code sessions implementing eval-driven development (EDD) principles
origin: ECC
tools: Read, Write, Edit, Bash, Grep, Glob"
"evm-token-decimals","name: evm-token-decimals
description: Prevent silent decimal mismatch bugs across EVM chains. Covers runtime decimal lookup, chain-aware caching, bridged-token precision drift, and safe normalization for bots, dashboards, and DeFi tools.
origin: ECC direct-port adaptation
version: ""1.0.0"""
"exa-search","name: exa-search
description: Neural search via Exa MCP for web, code, and company research. Use when the user needs web search, code examples, company intel, people lookup, or AI-powered deep research with Exa's neural search engine.
origin: ECC"
"expand-answer","name: expand-answer
description: [TODO: Complete and informative explanation of what the skill does and when to use it. Include WHEN to use this skill - specific scenarios, file types, or tasks that trigger it.]"
"fal-ai-media","name: fal-ai-media
description: Unified media generation via fal.ai MCP — image, video, and audio. Covers text-to-image (Nano Banana), text/image-to-video (Seedance, Kling, Veo 3), text-to-speech (CSM-1B), and video-to-audio (ThinkSound). Use when the user wants to generate images, videos, or audio with AI.
origin: ECC"
"finance-billing-ops","name: finance-billing-ops
description: Evidence-first revenue, pricing, refunds, team-billing, and billing-model truth workflow for ECC. Use when the user wants a sales snapshot, pricing comparison, duplicate-charge diagnosis, or code-backed billing reality instead of generic payments advice.
origin: ECC"
"flutter-dart-code-review","name: flutter-dart-code-review
description: Library-agnostic Flutter/Dart code review checklist covering widget best practices, state management patterns (BLoC, Riverpod, Provider, GetX, MobX, Signals), Dart idioms, performance, accessibility, security, and clean architecture.
origin: ECC"
"foundation-models-on-device","name: foundation-models-on-device
description: Apple FoundationModels framework for on-device LLM — text generation, guided generation with @Generable, tool calling, and snapshot streaming in iOS 26+."
"frontend-design","name: frontend-design
description: Create distinctive, production-grade frontend interfaces with high design quality. Use when the user asks to build web components, pages, or applications and the visual direction matters as much as the code quality.
origin: ECC"
"frontend-patterns","name: frontend-patterns
description: Frontend development patterns for React, Next.js, state management, performance optimization, and UI best practices.
origin: ECC"
"frontend-slides","name: frontend-slides
description: Create stunning, animation-rich HTML presentations from scratch or by converting PowerPoint files. Use when the user wants to build a presentation, convert a PPT/PPTX to web, or create slides for a talk/pitch. Helps non-designers discover their aesthetic through visual exploration rather than abstract choices.
origin: ECC"
"gan-style-harness","name: gan-style-harness
description: ""GAN-inspired Generator-Evaluator agent harness for building high-quality applications autonomously. Based on Anthropic's March 2026 harness design paper.""
origin: ECC-community
tools: Read, Write, Edit, Bash, Grep, Glob, Task"
"git-workflow","name: git-workflow
description: Git workflow patterns including branching strategies, commit conventions, merge vs rebase, conflict resolution, and collaborative development best practices for teams of all sizes.
origin: ECC"
"github-ops","name: github-ops
description: GitHub repository operations, automation, and management. Issue triage, PR management, CI/CD operations, release management, and security monitoring using the gh CLI. Use when the user wants to manage GitHub issues, PRs, CI status, releases, contributors, stale items, or any GitHub operational task beyond simple git commands.
origin: ECC"
"golang-patterns","name: golang-patterns
description: Idiomatic Go patterns, best practices, and conventions for building robust, efficient, and maintainable Go applications.
origin: ECC"
"golang-testing","name: golang-testing
description: Go testing patterns including table-driven tests, subtests, benchmarks, fuzzing, and test coverage. Follows TDD methodology with idiomatic Go practices.
origin: ECC"
"google-workspace-ops","name: google-workspace-ops
description: Operate across Google Drive, Docs, Sheets, and Slides as one workflow surface for plans, trackers, decks, and shared documents. Use when the user needs to find, summarize, edit, migrate, or clean up Google Workspace assets without dropping to raw tool calls.
origin: ECC"
"healthcare-cdss-patterns","name: healthcare-cdss-patterns
description: Clinical Decision Support System (CDSS) development patterns. Drug interaction checking, dose validation, clinical scoring (NEWS2, qSOFA), alert severity classification, and integration into EMR workflows.
origin: Health1 Super Speciality Hospitals — contributed by Dr. Keyur Patel
version: ""1.0.0"""
"healthcare-emr-patterns","name: healthcare-emr-patterns
description: EMR/EHR development patterns for healthcare applications. Clinical safety, encounter workflows, prescription generation, clinical decision support integration, and accessibility-first UI for medical data entry.
origin: Health1 Super Speciality Hospitals — contributed by Dr. Keyur Patel
version: ""1.0.0"""
"healthcare-eval-harness","name: healthcare-eval-harness
description: Patient safety evaluation harness for healthcare application deployments. Automated test suites for CDSS accuracy, PHI exposure, clinical workflow integrity, and integration compliance. Blocks deployments on safety failures.
origin: Health1 Super Speciality Hospitals — contributed by Dr. Keyur Patel
version: ""1.0.0"""
"healthcare-phi-compliance","name: healthcare-phi-compliance
description: Protected Health Information (PHI) and Personally Identifiable Information (PII) compliance patterns for healthcare applications. Covers data classification, access control, audit trails, encryption, and common leak vectors.
origin: Health1 Super Speciality Hospitals — contributed by Dr. Keyur Patel
version: ""1.0.0"""
"hexagonal-architecture","name: hexagonal-architecture
description: Design, implement, and refactor Ports & Adapters systems with clear domain boundaries, dependency inversion, and testable use-case orchestration across TypeScript, Java, Kotlin, and Go services.
origin: ECC"
"hipaa-compliance","name: hipaa-compliance
description: HIPAA-specific entrypoint for healthcare privacy and security work. Use when a task is explicitly framed around HIPAA, PHI handling, covered entities, BAAs, breach posture, or US healthcare compliance requirements.
origin: ECC direct-port adaptation
version: ""1.0.0"""
"hookify-rules","name: hookify-rules
description: This skill should be used when the user asks to create a hookify rule, write a hook rule, configure hookify, add a hookify rule, or needs guidance on hookify rule syntax and patterns."
"inventory-demand-planning","name: inventory-demand-planning
description: >
  Codified expertise for demand forecasting, safety stock optimization,
  replenishment planning, and promotional lift estimation at multi-location
  retailers. Informed by demand planners with 15+ years experience managing
  hundreds of SKUs. Includes forecasting method selection, ABC/XYZ analysis,
  seasonal transition management, and vendor negotiation frameworks.
  Use when forecasting demand, setting safety stock, planning replenishment,
  managing promotions, or optimizing inventory levels.
license: Apache-2.0
version: 1.0.0
homepage: https://github.com/affaan-m/everything-claude-code
origin: ECC
metadata:
  author: evos
  clawdbot:
    emoji: """""
"investor-materials","name: investor-materials
description: Create and update pitch decks, one-pagers, investor memos, accelerator applications, financial models, and fundraising materials. Use when the user needs investor-facing documents, projections, use-of-funds tables, milestone plans, or materials that must stay internally consistent across multiple fundraising assets.
origin: ECC"
"investor-outreach","name: investor-outreach
description: Draft cold emails, warm intro blurbs, follow-ups, update emails, and investor communications for fundraising. Use when the user wants outreach to angels, VCs, strategic investors, or accelerators and needs concise, personalized, investor-facing messaging.
origin: ECC"
"iterative-retrieval","name: iterative-retrieval
description: Pattern for progressively refining context retrieval to solve the subagent context problem
origin: ECC"
"java-coding-standards","name: java-coding-standards
description: ""Java coding standards for Spring Boot services: naming, immutability, Optional usage, streams, exceptions, generics, and project layout.""
origin: ECC"
"jira-integration","name: jira-integration
description: Use this skill when retrieving Jira tickets, analyzing requirements, updating ticket status, adding comments, or transitioning issues. Provides Jira API patterns via MCP or direct REST calls.
origin: ECC"
"jpa-patterns","name: jpa-patterns
description: JPA/Hibernate patterns for entity design, relationships, query optimization, transactions, auditing, indexing, pagination, and pooling in Spring Boot.
origin: ECC"
"knowledge-ops","name: knowledge-ops
description: Knowledge base management, ingestion, sync, and retrieval across multiple storage layers (local files, MCP memory, vector stores, Git repos). Use when the user wants to save, organize, sync, deduplicate, or search across their knowledge systems.
origin: ECC"
"kotlin-coroutines-flows","name: kotlin-coroutines-flows
description: Kotlin Coroutines and Flow patterns for Android and KMP — structured concurrency, Flow operators, StateFlow, error handling, and testing.
origin: ECC"
"kotlin-exposed-patterns","name: kotlin-exposed-patterns
description: JetBrains Exposed ORM patterns including DSL queries, DAO pattern, transactions, HikariCP connection pooling, Flyway migrations, and repository pattern.
origin: ECC"
"kotlin-ktor-patterns","name: kotlin-ktor-patterns
description: Ktor server patterns including routing DSL, plugins, authentication, Koin DI, kotlinx.serialization, WebSockets, and testApplication testing.
origin: ECC"
"kotlin-patterns","name: kotlin-patterns
description: Idiomatic Kotlin patterns, best practices, and conventions for building robust, efficient, and maintainable Kotlin applications with coroutines, null safety, and DSL builders.
origin: ECC"
"kotlin-testing","name: kotlin-testing
description: Kotlin testing patterns with Kotest, MockK, coroutine testing, property-based testing, and Kover coverage. Follows TDD methodology with idiomatic Kotlin practices.
origin: ECC"
"laravel-patterns","name: laravel-patterns
description: Laravel architecture patterns, routing/controllers, Eloquent ORM, service layers, queues, events, caching, and API resources for production apps.
origin: ECC"
"laravel-plugin-discovery","name: laravel-plugin-discovery
description: Discover and evaluate Laravel packages via LaraPlugins.io MCP. Use when the user wants to find plugins, check package health, or assess Laravel/PHP compatibility.
origin: ECC"
"laravel-security","name: laravel-security
description: Laravel security best practices for authn/authz, validation, CSRF, mass assignment, file uploads, secrets, rate limiting, and secure deployment.
origin: ECC"
"laravel-tdd","name: laravel-tdd
description: Test-driven development for Laravel with PHPUnit and Pest, factories, database testing, fakes, and coverage targets.
origin: ECC"
"laravel-verification","name: laravel-verification
description: ""Verification loop for Laravel projects: env checks, linting, static analysis, tests with coverage, security scans, and deployment readiness.""
origin: ECC"
"lead-intelligence","name: lead-intelligence
description: AI-native lead intelligence and outreach pipeline. Replaces Apollo, Clay, and ZoomInfo with agent-powered signal scoring, mutual ranking, warm path discovery, source-derived voice modeling, and channel-specific outreach across email, LinkedIn, and X. Use when the user wants to find, qualify, and reach high-value contacts.
origin: ECC"
"liquid-glass-design","name: liquid-glass-design
description: iOS 26 Liquid Glass design system — dynamic glass material with blur, reflection, and interactive morphing for SwiftUI, UIKit, and WidgetKit."
"llm-trading-agent-security","name: llm-trading-agent-security
description: Security patterns for autonomous trading agents with wallet or transaction authority. Covers prompt injection, spend limits, pre-send simulation, circuit breakers, MEV protection, and key handling.
origin: ECC direct-port adaptation
version: ""1.0.0"""
"logistics-exception-management","name: logistics-exception-management
description: >
  Codified expertise for handling freight exceptions, shipment delays,
  damages, losses, and carrier disputes. Informed by logistics professionals
  with 15+ years operational experience. Includes escalation protocols,
  carrier-specific behaviors, claims procedures, and judgment frameworks.
  Use when handling shipping exceptions, freight claims, delivery issues,
  or carrier disputes.
license: Apache-2.0
version: 1.0.0
homepage: https://github.com/affaan-m/everything-claude-code
origin: ECC
metadata:
  author: evos
  clawdbot:
    emoji: """""
"manim-video","name: manim-video
description: Build reusable Manim explainers for technical concepts, graphs, system diagrams, and product walkthroughs, then hand off to the wider ECC video stack if needed. Use when the user wants a clean animated explainer rather than a generic talking-head script.
origin: ECC"
"market-research","name: market-research
description: Conduct market research, competitive analysis, investor due diligence, and industry intelligence with source attribution and decision-oriented summaries. Use when the user wants market sizing, competitor comparisons, fund research, technology scans, or research that informs business decisions.
origin: ECC"
"mcp-server-patterns","name: mcp-server-patterns
description: Build MCP servers with Node/TypeScript SDK — tools, resources, prompts, Zod validation, stdio vs Streamable HTTP. Use Context7 or official MCP docs for latest API.
origin: ECC"
"messages-ops","name: messages-ops
description: Evidence-first live messaging workflow for ECC. Use when the user wants to read texts or DMs, recover a recent one-time code, inspect a thread before replying, or prove which message source was actually checked.
origin: ECC"
"monorepo-boundary-review","name: monorepo-boundary-review
description: [TODO: Complete and informative explanation of what the skill does and when to use it. Include WHEN to use this skill - specific scenarios, file types, or tasks that trigger it.]"
"nanoclaw-repl","name: nanoclaw-repl
description: Operate and extend NanoClaw v2, ECC's zero-dependency session-aware REPL built on claude -p.
origin: ECC"
"nestjs-patterns","name: nestjs-patterns
description: NestJS architecture patterns for modules, controllers, providers, DTO validation, guards, interceptors, config, and production-grade TypeScript backends.
origin: ECC"
"nextjs-turbopack","name: nextjs-turbopack
description: Next.js 16+ and Turbopack — incremental bundling, FS caching, dev speed, and when to use Turbopack vs webpack.
origin: ECC"
"nodejs-keccak256","name: nodejs-keccak256
description: Prevent Ethereum hashing bugs in JavaScript and TypeScript. Node's sha3-256 is NIST SHA3, not Ethereum Keccak-256, and silently breaks selectors, signatures, storage slots, and address derivation.
origin: ECC direct-port adaptation
version: ""1.0.0"""
"nutrient-document-processing","name: nutrient-document-processing
description: Process, convert, OCR, extract, redact, sign, and fill documents using the Nutrient DWS API. Works with PDFs, DOCX, XLSX, PPTX, HTML, and images.
origin: ECC"
"nuxt4-patterns","name: nuxt4-patterns
description: Nuxt 4 app patterns for hydration safety, performance, route rules, lazy loading, and SSR-safe data fetching with useFetch and useAsyncData.
origin: ECC"
"openclaw-persona-forge","name: openclaw-persona-forge
description: |-
  为 OpenClaw AI Agent 锻造完整的龙虾灵魂方案。根据用户偏好或随机抽卡，
  输出身份定位、灵魂描述(SOUL.md)、角色化底线规则、名字和头像生图提示词。
  如当前环境提供已审核的生图 skill，可自动生成统一风格头像图片。
  当用户需要创建、设计或定制 OpenClaw 龙虾灵魂时使用。
  不适用于：微调已有 SOUL.md、非 OpenClaw 平台的角色设计、纯工具型无性格 Agent。
  触发词：龙虾灵魂、虾魂、OpenClaw 灵魂、养虾灵魂、龙虾角色、龙虾定位、
  龙虾剧本杀角色、龙虾游戏角色、龙虾 NPC、龙虾性格、龙虾背景故事、
  lobster soul、lobster character、抽卡、随机龙虾、龙虾 SOUL、gacha。
origin: community"
"opensource-pipeline","name: opensource-pipeline
description: ""Open-source pipeline: fork, sanitize, and package private projects for safe public release. Chains 3 agents (forker, sanitizer, packager). Triggers: '/opensource', 'open source this', 'make this public', 'prepare for open source'.""
origin: ECC"
"oss-adoption-planning","name: oss-adoption-planning
description: [TODO: Complete and informative explanation of what the skill does and when to use it. Include WHEN to use this skill - specific scenarios, file types, or tasks that trigger it.]"
"perl-patterns","name: perl-patterns
description: Modern Perl 5.36+ idioms, best practices, and conventions for building robust, maintainable Perl applications.
origin: ECC"
"perl-security","name: perl-security
description: Comprehensive Perl security covering taint mode, input validation, safe process execution, DBI parameterized queries, web security (XSS/SQLi/CSRF), and perlcritic security policies.
origin: ECC"
"perl-testing","name: perl-testing
description: Perl testing patterns using Test2::V0, Test::More, prove runner, mocking, coverage with Devel::Cover, and TDD methodology.
origin: ECC"
"permission-modeling","name: permission-modeling
description: [TODO: Complete and informative explanation of what the skill does and when to use it. Include WHEN to use this skill - specific scenarios, file types, or tasks that trigger it.]"
"plankton-code-quality","name: plankton-code-quality
description: ""Write-time code quality enforcement using Plankton — auto-formatting, linting, and Claude-powered fixes on every file edit via hooks.""
origin: community"
"postgres-patterns","name: postgres-patterns
description: PostgreSQL database patterns for query optimization, schema design, indexing, and security. Based on Supabase best practices.
origin: ECC"
"product-capability","name: product-capability
description: Translate PRD intent, roadmap asks, or product discussions into an implementation-ready capability plan that exposes constraints, invariants, interfaces, and unresolved decisions before multi-service work starts. Use when the user needs an ECC-native PRD-to-SRS lane instead of vague planning prose.
origin: ECC"
"product-lens","name: product-lens
description: Use this skill to validate the ""why"" before building, run product diagnostics, and pressure-test product direction before the request becomes an implementation contract.
origin: ECC"
"production-scheduling","name: production-scheduling
description: >
  Codified expertise for production scheduling, job sequencing, line balancing,
  changeover optimization, and bottleneck resolution in discrete and batch
  manufacturing. Informed by production schedulers with 15+ years experience.
  Includes TOC/drum-buffer-rope, SMED, OEE analysis, disruption response
  frameworks, and ERP/MES interaction patterns. Use when scheduling production,
  resolving bottlenecks, optimizing changeovers, responding to disruptions,
  or balancing manufacturing lines.
license: Apache-2.0
version: 1.0.0
homepage: https://github.com/affaan-m/everything-claude-code
origin: ECC
metadata:
  author: evos
  clawdbot:
    emoji: """""
"project-flow-ops","name: project-flow-ops
description: Operate execution flow across GitHub and Linear by triaging issues and pull requests, linking active work, and keeping GitHub public-facing while Linear remains the internal execution layer. Use when the user wants backlog control, PR triage, or GitHub-to-Linear coordination.
origin: ECC"
"prompt-optimizer","name: prompt-optimizer
description: >-
  Analyze raw prompts, identify intent and gaps, match ECC components
  (skills/commands/agents/hooks), and output a ready-to-paste optimized
  prompt. Advisory role only — never executes the task itself.
  TRIGGER when: user says ""optimize prompt"", ""improve my prompt"",
  ""how to write a prompt for"", ""help me prompt"", ""rewrite this prompt"",
  or explicitly asks to enhance prompt quality. Also triggers on Chinese
  equivalents: ""优化prompt"", ""改进prompt"", ""怎么写prompt"", ""帮我优化这个指令"".
  DO NOT TRIGGER when: user wants the task executed directly, or says
  ""just do it"" / ""直接做"". DO NOT TRIGGER when user says ""优化代码"",
  ""优化性能"", ""optimize performance"", ""optimize this code"" — those are
  refactoring/performance tasks, not prompt optimization.
origin: community
metadata:
  author: YannJY02
  version: ""1.0.0"""
"prp-create-plan","name: prp-create-plan
description: [TODO: Complete and informative explanation of what the skill does and when to use it. Include WHEN to use this skill - specific scenarios, file types, or tasks that trigger it.]"
"prp-create-prd","name: prp-create-prd
description: [TODO: Complete and informative explanation of what the skill does and when to use it. Include WHEN to use this skill - specific scenarios, file types, or tasks that trigger it.]"
"prp-implement-plan","name: prp-implement-plan
description: [TODO: Complete and informative explanation of what the skill does and when to use it. Include WHEN to use this skill - specific scenarios, file types, or tasks that trigger it.]"
"python-patterns","name: python-patterns
description: Pythonic idioms, PEP 8 standards, type hints, and best practices for building robust, efficient, and maintainable Python applications.
origin: ECC"
"python-testing","name: python-testing
description: Python testing strategies using pytest, TDD methodology, fixtures, mocking, parametrization, and coverage requirements.
origin: ECC"
"pytorch-patterns","name: pytorch-patterns
description: PyTorch deep learning patterns and best practices for building robust, efficient, and reproducible training pipelines, model architectures, and data loading.
origin: ECC"
"quality-nonconformance","name: quality-nonconformance
description: >
  Codified expertise for quality control, non-conformance investigation, root
  cause analysis, corrective action, and supplier quality management in
  regulated manufacturing. Informed by quality engineers with 15+ years
  experience across FDA, IATF 16949, and AS9100 environments. Includes NCR
  lifecycle management, CAPA systems, SPC interpretation, and audit methodology.
  Use when investigating non-conformances, performing root cause analysis,
  managing CAPAs, interpreting SPC data, or handling supplier quality issues.
license: Apache-2.0
version: 1.0.0
homepage: https://github.com/affaan-m/everything-claude-code
origin: ECC
metadata:
  author: evos
  clawdbot:
    emoji: """""
"ralphinho-rfc-pipeline","name: ralphinho-rfc-pipeline
description: RFC-driven multi-agent DAG execution pattern with quality gates, merge queues, and work unit orchestration.
origin: ECC"
"regex-vs-llm-structured-text","name: regex-vs-llm-structured-text
description: Decision framework for choosing between regex and LLM when parsing structured text — start with regex, add LLM only for low-confidence edge cases.
origin: ECC"
"remotion-video-creation","name: remotion-video-creation
description: Best practices for Remotion - Video creation in React. 29 domain-specific rules covering 3D, animations, audio, captions, charts, transitions, and more.
metadata:
  tags: remotion, video, react, animation, composition, three.js, lottie"
"repo-scan","name: repo-scan
description: Cross-stack source code asset audit — classifies every file, detects embedded third-party libraries, and delivers actionable four-level verdicts per module with interactive HTML reports.
origin: community"
"research-ops","name: research-ops
description: Evidence-first current-state research workflow for ECC. Use when the user wants fresh facts, comparisons, enrichment, or a recommendation built from current public evidence and any supplied local context.
origin: ECC"
"returns-reverse-logistics","name: returns-reverse-logistics
description: >
  Codified expertise for returns authorization, receipt and inspection,
  disposition decisions, refund processing, fraud detection, and warranty
  claims management. Informed by returns operations managers with 15+ years
  experience. Includes grading frameworks, disposition economics, fraud
  pattern recognition, and vendor recovery processes. Use when handling
  product returns, reverse logistics, refund decisions, return fraud
  detection, or warranty claims.
license: Apache-2.0
version: 1.0.0
homepage: https://github.com/affaan-m/everything-claude-code
origin: ECC
metadata:
  author: evos
  clawdbot:
    emoji: """""
"rules-distill","name: rules-distill
description: ""Scan skills to extract cross-cutting principles and distill them into rules — append, revise, or create new rule files""
origin: ECC"
"rust-patterns","name: rust-patterns
description: Idiomatic Rust patterns, ownership, error handling, traits, concurrency, and best practices for building safe, performant applications.
origin: ECC"
"rust-testing","name: rust-testing
description: Rust testing patterns including unit tests, integration tests, async testing, property-based testing, mocking, and coverage. Follows TDD methodology.
origin: ECC"
"safety-guard","name: safety-guard
description: Use this skill to prevent destructive operations when working on production systems or running agents autonomously.
origin: ECC"
"santa-method","name: santa-method
description: ""Multi-agent adversarial verification with convergence loop. Two independent review agents must both pass before output ships.""
origin: ""Ronald Skelton - Founder, RapportScore.ai"""
"search-first","name: search-first
description: Research-before-coding workflow. Search for existing tools, libraries, and patterns before writing custom code. Invokes the researcher agent.
origin: ECC"
"security-bounty-hunter","name: security-bounty-hunter
description: Hunt for exploitable, bounty-worthy security issues in repositories. Focuses on remotely reachable vulnerabilities that qualify for real reports instead of noisy local-only findings.
origin: ECC direct-port adaptation
version: ""1.0.0"""
"security-review","name: security-review
description: Use this skill when adding authentication, handling user input, working with secrets, creating API endpoints, or implementing payment/sensitive features. Provides comprehensive security checklist and patterns.
origin: ECC"
"security-scan","name: security-scan
description: Scan your Claude Code configuration (.claude/ directory) for security vulnerabilities, misconfigurations, and injection risks using AgentShield. Checks CLAUDE.md, settings.json, MCP servers, hooks, and agent definitions.
origin: ECC"
"seo","name: seo
description: Audit, plan, and implement SEO improvements across technical SEO, on-page optimization, structured data, Core Web Vitals, and content strategy. Use when the user wants better search visibility, SEO remediation, schema markup, sitemap/robots work, or keyword mapping.
origin: ECC"
"skill-comply","name: skill-comply
description: Visualize whether skills, rules, and agent definitions are actually followed — auto-generates scenarios at 3 prompt strictness levels, runs agents, classifies behavioral sequences, and reports compliance rates with full tool call timelines
origin: ECC
tools: Read, Bash"
"skill-stocktake","description: ""Use when auditing Claude skills and commands for quality. Supports Quick Scan (changed skills only) and Full Stocktake modes with sequential subagent batch evaluation.""
origin: ECC"
"social-graph-ranker","name: social-graph-ranker
description: Weighted social-graph ranking for warm intro discovery, bridge scoring, and network gap analysis across X and LinkedIn. Use when the user wants the reusable graph-ranking engine itself, not the broader outreach or network-maintenance workflow layered on top of it.
origin: ECC"
"springboot-patterns","name: springboot-patterns
description: Spring Boot architecture patterns, REST API design, layered services, data access, caching, async processing, and logging. Use for Java Spring Boot backend work.
origin: ECC"
"springboot-security","name: springboot-security
description: Spring Security best practices for authn/authz, validation, CSRF, secrets, headers, rate limiting, and dependency security in Java Spring Boot services.
origin: ECC"
"springboot-tdd","name: springboot-tdd
description: Test-driven development for Spring Boot using JUnit 5, Mockito, MockMvc, Testcontainers, and JaCoCo. Use when adding features, fixing bugs, or refactoring.
origin: ECC"
"springboot-verification","name: springboot-verification
description: ""Verification loop for Spring Boot projects: build, static analysis, tests with coverage, security scans, and diff review before release or PR.""
origin: ECC"
"strategic-compact","name: strategic-compact
description: Suggests manual context compaction at logical intervals to preserve context through task phases rather than arbitrary auto-compaction.
origin: ECC"
"swift-actor-persistence","name: swift-actor-persistence
description: Thread-safe data persistence in Swift using actors — in-memory cache with file-backed storage, eliminating data races by design.
origin: ECC"
"swift-concurrency-6-2","name: swift-concurrency-6-2
description: Swift 6.2 Approachable Concurrency — single-threaded by default, @concurrent for explicit background offloading, isolated conformances for main actor types."
"swift-protocol-di-testing","name: swift-protocol-di-testing
description: Protocol-based dependency injection for testable Swift code — mock file system, network, and external APIs using focused protocols and Swift Testing.
origin: ECC"
"swiftui-patterns","name: swiftui-patterns
description: SwiftUI architecture patterns, state management with @Observable, view composition, navigation, performance optimization, and modern iOS/macOS UI best practices."
"tdd-workflow","name: tdd-workflow
description: Use this skill when writing new features, fixing bugs, or refactoring code. Enforces test-driven development with 80%+ coverage including unit, integration, and E2E tests.
origin: ECC"
"team-builder","name: team-builder
description: Interactive agent picker for composing and dispatching parallel teams
origin: community"
"terminal-ops","name: terminal-ops
description: Evidence-first repo execution workflow for ECC. Use when the user wants a command run, a repo checked, a CI failure debugged, or a narrow fix pushed with exact proof of what was executed and verified.
origin: ECC"
"token-budget-advisor","name: token-budget-advisor
description: >-
  Offers the user an informed choice about how much response depth to
  consume before answering. Use this skill when the user explicitly
  wants to control response length, depth, or token budget.
  TRIGGER when: ""token budget"", ""token count"", ""token usage"", ""token limit"",
  ""response length"", ""answer depth"", ""short version"", ""brief answer"",
  ""detailed answer"", ""exhaustive answer"", ""respuesta corta vs larga"",
  ""cuántos tokens"", ""ahorrar tokens"", ""responde al 50%"", ""dame la versión
  corta"", ""quiero controlar cuánto usas"", or clear variants where the
  user is explicitly asking to control answer size or depth.
  DO NOT TRIGGER when: user has already specified a level in the current
  session (maintain it), the request is clearly a one-word answer, or
  ""token"" refers to auth/session/payment tokens rather than response size.
origin: community"
"ui-demo","name: ui-demo
description: Record polished UI demo videos using Playwright. Use when the user asks to create a demo, walkthrough, screen recording, or tutorial video of a web application. Produces WebM videos with visible cursor, natural pacing, and professional feel.
origin: ECC"
"unified-notifications-ops","name: unified-notifications-ops
description: Operate notifications as one ECC-native workflow across GitHub, Linear, desktop alerts, hooks, and connected communication surfaces. Use when the real problem is alert routing, deduplication, escalation, or inbox collapse.
origin: ECC"
"verification-loop","name: verification-loop
description: ""A comprehensive verification system for Claude Code sessions.""
origin: ECC"
"video-editing","name: video-editing
description: AI-assisted video editing workflows for cutting, structuring, and augmenting real footage. Covers the full pipeline from raw capture through FFmpeg, Remotion, ElevenLabs, fal.ai, and final polish in Descript or CapCut. Use when the user wants to edit video, cut footage, create vlogs, or build video content.
origin: ECC"
"videodb","name: videodb
description: See, Understand, Act on video and audio. See- ingest from local files, URLs, RTSP/live feeds, or live record desktop; return realtime context and playable stream links. Understand- extract frames, build visual/semantic/temporal indexes, and search moments with timestamps and auto-clips. Act- transcode and normalize (codec, fps, resolution, aspect ratio), perform timeline edits (subtitles, text/image overlays, branding, audio overlays, dubbing, translation), generate media assets (image, audio, video), and create real time alerts for events from live streams or desktop capture.
origin: ECC
allowed-tools: Read Grep Glob Bash(python:*)
argument-hint: ""[task description]"""
"visa-doc-translate","name: visa-doc-translate
description: Translate visa application documents (images) to English and create a bilingual PDF with original and translation"
"workspace-surface-audit","name: workspace-surface-audit
description: Audit the active repo, MCP servers, plugins, connectors, env surfaces, and harness setup, then recommend the highest-value ECC-native skills, hooks, agents, and operator workflows. Use when the user wants help setting up Claude Code or understanding what capabilities are actually available in their environment.
origin: ECC"
"x-api","name: x-api
description: X/Twitter API integration for posting tweets, threads, reading timelines, search, and analytics. Covers OAuth auth patterns, rate limits, and platform-native content posting. Use when the user wants to interact with X programmatically.
origin: ECC"
